Operation,Iteration,RelativePath,Bytes,SHA256,SourcePath,SourceSHA256,SourceByteStart,SourceByteEndExclusive
ADD,1,evidence/2026-08-25/ADD/iteration_views/iteration_001.txt,8410,54C230E8762FB999B0B432A0E038F658B190B136331614AD239A34DDB588AE7F,evidence/2026-08-25/ADD/terminal_output.txt,B1C1AF3F4ADFB18D8C2DCDFA0329AEE459ACDC8B9BBF6531FCE640FD8F01EF35,638,9048
ADD,2,evidence/2026-08-25/ADD/iteration_views/iteration_002.txt,8410,95D2DD2942F45D8DBEA43D072A303BA0A4544CADAD3D6FCEA07DAB1280EAEBAC,evidence/2026-08-25/ADD/terminal_output.txt,B1C1AF3F4ADFB18D8C2DCDFA0329AEE459ACDC8B9BBF6531FCE640FD8F01EF35,9052,17462
ADD,3,evidence/2026-08-25/ADD/iteration_views/iteration_003.txt,8410,72BCD95FFA6DF76365A5C34A517B8F0A2996372B4C3529CED661D42E3145DC79,evidence/2026-08-25/ADD/terminal_output.txt,B1C1AF3F4ADFB18D8C2DCDFA0329AEE459ACDC8B9BBF6531FCE640FD8F01EF35,17466,25876
ADD,4,evidence/2026-08-25/ADD/iteration_views/iteration_004.txt,8410,4ED2B56A4AD375C44F437A5B429081A584D0A851F0EBA26EDCBF07CCEDCA4669,evidence/2026-08-25/ADD/terminal_output.txt,B1C1AF3F4ADFB18D8C2DCDFA0329AEE459ACDC8B9BBF6531FCE640FD8F01EF35,25880,34290
ADD,5,evidence/2026-08-25/ADD/iteration_views/iteration_005.txt,8410,A3573809D2F762E99DF4E23CB5C597CE52FBF7EE9C8886FF1BAA25DB6BF5E415,evidence/2026-08-25/ADD/terminal_output.txt,B1C1AF3F4ADFB18D8C2DCDFA0329AEE459ACDC8B9BBF6531FCE640FD8F01EF35,34294,42704
ADD,6,evidence/2026-08-25/ADD/iteration_views/iteration_006.txt,8410,27FE019B206EBF713EFD9663D8B9B5519622E2C24B2B8C998324E3989D2F10FF,evidence/2026-08-25/ADD/terminal_output.txt,B1C1AF3F4ADFB18D8C2DCDFA0329AEE459ACDC8B9BBF6531FCE640FD8F01EF35,42708,51118
ADD,7,evidence/2026-08-25/ADD/iteration_views/iteration_007.txt,8410,41D078958296085D3733753EC92BC2290A4C985377BDE150AC3AA91FE6A5D1CA,evidence/2026-08-25/ADD/terminal_output.txt,B1C1AF3F4ADFB18D8C2DCDFA0329AEE459ACDC8B9BBF6531FCE640FD8F01EF35,51122,59532
ADD,8,evidence/2026-08-25/ADD/iteration_views/iteration_008.txt,8410,28E5DE782595470867A27B328F69D6ADA5D0CCDA90F2FD61CE230094519E9E44,evidence/2026-08-25/ADD/terminal_output.txt,B1C1AF3F4ADFB18D8C2DCDFA0329AEE459ACDC8B9BBF6531FCE640FD8F01EF35,59536,67946
ADD,9,evidence/2026-08-25/ADD/iteration_views/iteration_009.txt,8410,B0015CA5812181422A4E09967B72FAE1B062182485E8D3D1B62205537EEA4B7D,evidence/2026-08-25/ADD/terminal_output.txt,B1C1AF3F4ADFB18D8C2DCDFA0329AEE459ACDC8B9BBF6531FCE640FD8F01EF35,67950,76360
ADD,10,evidence/2026-08-25/ADD/iteration_views/iteration_010.txt,8411,15C7B6BF600CA1778F2329A0D0730D8C2E7094E4A5F5C597586312D5CC0521E1,evidence/2026-08-25/ADD/terminal_output.txt,B1C1AF3F4ADFB18D8C2DCDFA0329AEE459ACDC8B9BBF6531FCE640FD8F01EF35,76364,84775
ADD,11,evidence/2026-08-25/ADD/iteration_views/iteration_011.txt,8411,FB01DE9383B0F91300C03768974CB2D8DDE8E7C780FA303AD63977BF21DFF29F,evidence/2026-08-25/ADD/terminal_output.txt,B1C1AF3F4ADFB18D8C2DCDFA0329AEE459ACDC8B9BBF6531FCE640FD8F01EF35,84779,93190
ADD,12,evidence/2026-08-25/ADD/iteration_views/iteration_012.txt,8411,A7B87CBA57851FAF73C0A54835FCE09E7F63857C3C7393971BC06DD133F3B7CE,evidence/2026-08-25/ADD/terminal_output.txt,B1C1AF3F4ADFB18D8C2DCDFA0329AEE459ACDC8B9BBF6531FCE640FD8F01EF35,93194,101605
ADD,13,evidence/2026-08-25/ADD/iteration_views/iteration_013.txt,8411,6BBA620A8DC69E48E6BBD3CE9B5B202B5A94039BC367A483EF1B796EB8D260E3,evidence/2026-08-25/ADD/terminal_output.txt,B1C1AF3F4ADFB18D8C2DCDFA0329AEE459ACDC8B9BBF6531FCE640FD8F01EF35,101609,110020
ADD,14,evidence/2026-08-25/ADD/iteration_views/iteration_014.txt,8411,AC36F56E072426BA506E9EC8CCA2273AEA65C1B3A50647B80D4DC9DBE0A9771D,evidence/2026-08-25/ADD/terminal_output.txt,B1C1AF3F4ADFB18D8C2DCDFA0329AEE459ACDC8B9BBF6531FCE640FD8F01EF35,110024,118435
ADD,15,evidence/2026-08-25/ADD/iteration_views/iteration_015.txt,8411,62C6DC4813A107482A6CEFAB9148E77AE9A559FBC78DB883B2850CDE1E24F428,evidence/2026-08-25/ADD/terminal_output.txt,B1C1AF3F4ADFB18D8C2DCDFA0329AEE459ACDC8B9BBF6531FCE640FD8F01EF35,118439,126850
ADD,16,evidence/2026-08-25/ADD/iteration_views/iteration_016.txt,8411,017A91C755B0EEF0185070847134587BD8BFC32B6FA61546B7C95676A5964FAC,evidence/2026-08-25/ADD/terminal_output.txt,B1C1AF3F4ADFB18D8C2DCDFA0329AEE459ACDC8B9BBF6531FCE640FD8F01EF35,126854,135265
ADD,17,evidence/2026-08-25/ADD/iteration_views/iteration_017.txt,8411,9FF906C914D0A726886B1860DD7EE296E47BD2520A492874A319E0C00B794663,evidence/2026-08-25/ADD/terminal_output.txt,B1C1AF3F4ADFB18D8C2DCDFA0329AEE459ACDC8B9BBF6531FCE640FD8F01EF35,135269,143680
ADD,18,evidence/2026-08-25/ADD/iteration_views/iteration_018.txt,8411,69DE72F56379B9652A59312EDC06DDB27FF85E28FA4219DAD390A1C1D5DA3501,evidence/2026-08-25/ADD/terminal_output.txt,B1C1AF3F4ADFB18D8C2DCDFA0329AEE459ACDC8B9BBF6531FCE640FD8F01EF35,143684,152095
ADD,19,evidence/2026-08-25/ADD/iteration_views/iteration_019.txt,8411,49DE17F9534CFAF710FA729CD453D856814ED16FD50B15E68B5435E196221EF9,evidence/2026-08-25/ADD/terminal_output.txt,B1C1AF3F4ADFB18D8C2DCDFA0329AEE459ACDC8B9BBF6531FCE640FD8F01EF35,152099,160510
ADD,20,evidence/2026-08-25/ADD/iteration_views/iteration_020.txt,8411,FD27A058A85627CF89E0F04C235E30C0799D26207A86B4F5288E95C832A36C93,evidence/2026-08-25/ADD/terminal_output.txt,B1C1AF3F4ADFB18D8C2DCDFA0329AEE459ACDC8B9BBF6531FCE640FD8F01EF35,160514,168925
ADD,21,evidence/2026-08-25/ADD/iteration_views/iteration_021.txt,8411,880716BB07B137DA93898230792DE32EB1D0D7CFB15E90D20ED7924D3D97885F,evidence/2026-08-25/ADD/terminal_output.txt,B1C1AF3F4ADFB18D8C2DCDFA0329AEE459ACDC8B9BBF6531FCE640FD8F01EF35,168929,177340
ADD,22,evidence/2026-08-25/ADD/iteration_views/iteration_022.txt,8411,85D6DC4925907781326A275CBC797A26FEF03E8AB02CA6533133E71F44C02376,evidence/2026-08-25/ADD/terminal_output.txt,B1C1AF3F4ADFB18D8C2DCDFA0329AEE459ACDC8B9BBF6531FCE640FD8F01EF35,177344,185755
ADD,23,evidence/2026-08-25/ADD/iteration_views/iteration_023.txt,8411,28E148C8392C6EE0CE398205F14F4EBAF702A02EE444E31E5427DE24D310F850,evidence/2026-08-25/ADD/terminal_output.txt,B1C1AF3F4ADFB18D8C2DCDFA0329AEE459ACDC8B9BBF6531FCE640FD8F01EF35,185759,194170
ADD,24,evidence/2026-08-25/ADD/iteration_views/iteration_024.txt,8411,13AAC29725E42E40AD7E5292724FA7990CFF8B859509BF0B306B6889BCA0B287,evidence/2026-08-25/ADD/terminal_output.txt,B1C1AF3F4ADFB18D8C2DCDFA0329AEE459ACDC8B9BBF6531FCE640FD8F01EF35,194174,202585
ADD,25,evidence/2026-08-25/ADD/iteration_views/iteration_025.txt,8411,443148CE04A09E4977894C79F50B84C47EE525E2162ABDE4692E706E10AF21EE,evidence/2026-08-25/ADD/terminal_output.txt,B1C1AF3F4ADFB18D8C2DCDFA0329AEE459ACDC8B9BBF6531FCE640FD8F01EF35,202589,211000
ADD,26,evidence/2026-08-25/ADD/iteration_views/iteration_026.txt,8411,7D423858C2E189950C2FE7E5DCE857DE9FE9BA6DFA98257CAA02E89B9B87A90C,evidence/2026-08-25/ADD/terminal_output.txt,B1C1AF3F4ADFB18D8C2DCDFA0329AEE459ACDC8B9BBF6531FCE640FD8F01EF35,211004,219415
ADD,27,evidence/2026-08-25/ADD/iteration_views/iteration_027.txt,8411,2F69CD5516042D5816B6C17E0411C370A6DF520CB22C42DAAA1AF511E2DD2FC6,evidence/2026-08-25/ADD/terminal_output.txt,B1C1AF3F4ADFB18D8C2DCDFA0329AEE459ACDC8B9BBF6531FCE640FD8F01EF35,219419,227830
ADD,28,evidence/2026-08-25/ADD/iteration_views/iteration_028.txt,8411,3A3A644A21D4792B81E8955B3DE103D87D8D6A8782BFF86D16A32892D814BDDE,evidence/2026-08-25/ADD/terminal_output.txt,B1C1AF3F4ADFB18D8C2DCDFA0329AEE459ACDC8B9BBF6531FCE640FD8F01EF35,227834,236245
ADD,29,evidence/2026-08-25/ADD/iteration_views/iteration_029.txt,8411,977805D44250A2B212C04515756603A96FCA6F0C6CA7D4DEDCED82268BA58E53,evidence/2026-08-25/ADD/terminal_output.txt,B1C1AF3F4ADFB18D8C2DCDFA0329AEE459ACDC8B9BBF6531FCE640FD8F01EF35,236249,244660
ADD,30,evidence/2026-08-25/ADD/iteration_views/iteration_030.txt,8411,BB3EB939DD99B51C4280A64DA4DDAAE866F6ABFFE59859AD90145C93E244A1D4,evidence/2026-08-25/ADD/terminal_output.txt,B1C1AF3F4ADFB18D8C2DCDFA0329AEE459ACDC8B9BBF6531FCE640FD8F01EF35,244664,253075
ADD,31,evidence/2026-08-25/ADD/iteration_views/iteration_031.txt,8411,6FBAEC13BAD7BECA801EFDAF5A6B70E6DAE4FD91B8733BA2A57AD9F099AF846F,evidence/2026-08-25/ADD/terminal_output.txt,B1C1AF3F4ADFB18D8C2DCDFA0329AEE459ACDC8B9BBF6531FCE640FD8F01EF35,253079,261490
ADD,32,evidence/2026-08-25/ADD/iteration_views/iteration_032.txt,8411,918FAE24F7835BF26FCCAAAD96C7F3C0C9175CD852DF58173736C30D25F72C8D,evidence/2026-08-25/ADD/terminal_output.txt,B1C1AF3F4ADFB18D8C2DCDFA0329AEE459ACDC8B9BBF6531FCE640FD8F01EF35,261494,269905
ADD,33,evidence/2026-08-25/ADD/iteration_views/iteration_033.txt,8411,AA777FC8AF742421EB994AB6DC565AEE2A97C8397E8C727B8FE312EA49850DAF,evidence/2026-08-25/ADD/terminal_output.txt,B1C1AF3F4ADFB18D8C2DCDFA0329AEE459ACDC8B9BBF6531FCE640FD8F01EF35,269909,278320
ADD,34,evidence/2026-08-25/ADD/iteration_views/iteration_034.txt,8411,BF3355E19E3DBD53E5B1DB22A3F7AE01C78EE42795B1D6CCCDF735A0D4F54A62,evidence/2026-08-25/ADD/terminal_output.txt,B1C1AF3F4ADFB18D8C2DCDFA0329AEE459ACDC8B9BBF6531FCE640FD8F01EF35,278324,286735
ADD,35,evidence/2026-08-25/ADD/iteration_views/iteration_035.txt,8411,7C5CA53A1F361052E2430E1BC7565A2E5DF73AB0E6B6BFDBC035513FAE5EB860,evidence/2026-08-25/ADD/terminal_output.txt,B1C1AF3F4ADFB18D8C2DCDFA0329AEE459ACDC8B9BBF6531FCE640FD8F01EF35,286739,295150
ADD,36,evidence/2026-08-25/ADD/iteration_views/iteration_036.txt,8411,7A2FD97B09D659F19145BCE03BA7810811DDD5462F7E430D755C383E70BEBA38,evidence/2026-08-25/ADD/terminal_output.txt,B1C1AF3F4ADFB18D8C2DCDFA0329AEE459ACDC8B9BBF6531FCE640FD8F01EF35,295154,303565
ADD,37,evidence/2026-08-25/ADD/iteration_views/iteration_037.txt,8411,3A64D9E54C328A54F7919C26234469621623925E2256D46E13BDA8BFC13AED54,evidence/2026-08-25/ADD/terminal_output.txt,B1C1AF3F4ADFB18D8C2DCDFA0329AEE459ACDC8B9BBF6531FCE640FD8F01EF35,303569,311980
ADD,38,evidence/2026-08-25/ADD/iteration_views/iteration_038.txt,8411,D4C0808D98BA7C4DA3967B15934863625028BA479AE888A8242AB8D4442995E2,evidence/2026-08-25/ADD/terminal_output.txt,B1C1AF3F4ADFB18D8C2DCDFA0329AEE459ACDC8B9BBF6531FCE640FD8F01EF35,311984,320395
ADD,39,evidence/2026-08-25/ADD/iteration_views/iteration_039.txt,8411,839DC1EC25912D0AB5FCC5A6D80D00CAC0E09BA4F8D2193FCD8F37072CD60AB5,evidence/2026-08-25/ADD/terminal_output.txt,B1C1AF3F4ADFB18D8C2DCDFA0329AEE459ACDC8B9BBF6531FCE640FD8F01EF35,320399,328810
ADD,40,evidence/2026-08-25/ADD/iteration_views/iteration_040.txt,8411,F6008E4209EB5AEEE54B24B5D2D060903E2E070A57034194C08C450829BA304F,evidence/2026-08-25/ADD/terminal_output.txt,B1C1AF3F4ADFB18D8C2DCDFA0329AEE459ACDC8B9BBF6531FCE640FD8F01EF35,328814,337225
ADD,41,evidence/2026-08-25/ADD/iteration_views/iteration_041.txt,8411,C7AAA0DF007C04384B6C0628D3DC4F2CDE8300312717787C0DD5A7EAB0DC7410,evidence/2026-08-25/ADD/terminal_output.txt,B1C1AF3F4ADFB18D8C2DCDFA0329AEE459ACDC8B9BBF6531FCE640FD8F01EF35,337229,345640
ADD,42,evidence/2026-08-25/ADD/iteration_views/iteration_042.txt,8411,198FCD07A18ADC6B7C0E3F00BC8A305D25017C44088E281AF210D2B61C4EC6A4,evidence/2026-08-25/ADD/terminal_output.txt,B1C1AF3F4ADFB18D8C2DCDFA0329AEE459ACDC8B9BBF6531FCE640FD8F01EF35,345644,354055
ADD,43,evidence/2026-08-25/ADD/iteration_views/iteration_043.txt,8411,CE7D6624002B0E15EF8F3529E9BF4EB048F6FB0AF14949E55D7B864888556BAD,evidence/2026-08-25/ADD/terminal_output.txt,B1C1AF3F4ADFB18D8C2DCDFA0329AEE459ACDC8B9BBF6531FCE640FD8F01EF35,354059,362470
ADD,44,evidence/2026-08-25/ADD/iteration_views/iteration_044.txt,8411,AB42CBA43D7A5B1C6FC8FCC6FCABED340A1667502646C17ACF340506FB0053B9,evidence/2026-08-25/ADD/terminal_output.txt,B1C1AF3F4ADFB18D8C2DCDFA0329AEE459ACDC8B9BBF6531FCE640FD8F01EF35,362474,370885
ADD,45,evidence/2026-08-25/ADD/iteration_views/iteration_045.txt,8411,44748DB7770AE446EE4159999F5FDCBDE6E319D6CCA653876BDF94C60F9982B0,evidence/2026-08-25/ADD/terminal_output.txt,B1C1AF3F4ADFB18D8C2DCDFA0329AEE459ACDC8B9BBF6531FCE640FD8F01EF35,370889,379300
ADD,46,evidence/2026-08-25/ADD/iteration_views/iteration_046.txt,8411,9AA660D4CDB0697450653897371659FAB7B79B41F4FBC28908A62CC2AF3EED9D,evidence/2026-08-25/ADD/terminal_output.txt,B1C1AF3F4ADFB18D8C2DCDFA0329AEE459ACDC8B9BBF6531FCE640FD8F01EF35,379304,387715
ADD,47,evidence/2026-08-25/ADD/iteration_views/iteration_047.txt,8411,4C3A23887D0DFED9C3F438BB9D763E7184675084FCB737C68D340CB3A1899EA0,evidence/2026-08-25/ADD/terminal_output.txt,B1C1AF3F4ADFB18D8C2DCDFA0329AEE459ACDC8B9BBF6531FCE640FD8F01EF35,387719,396130
ADD,48,evidence/2026-08-25/ADD/iteration_views/iteration_048.txt,8411,C3507078863679C9B9C8730D6E72E686D385E2CD4169BCBB103D8F3D6CCBD8F8,evidence/2026-08-25/ADD/terminal_output.txt,B1C1AF3F4ADFB18D8C2DCDFA0329AEE459ACDC8B9BBF6531FCE640FD8F01EF35,396134,404545
ADD,49,evidence/2026-08-25/ADD/iteration_views/iteration_049.txt,8411,BEE79A49CBA2148B7952D08B6D0E71671DA8A409DF37BDC5B63A9899FCFF46C0,evidence/2026-08-25/ADD/terminal_output.txt,B1C1AF3F4ADFB18D8C2DCDFA0329AEE459ACDC8B9BBF6531FCE640FD8F01EF35,404549,412960
ADD,50,evidence/2026-08-25/ADD/iteration_views/iteration_050.txt,8411,060108196B1E726AD1A185E753682D9AA242BA28A6116211858D9F14E5B2086F,evidence/2026-08-25/ADD/terminal_output.txt,B1C1AF3F4ADFB18D8C2DCDFA0329AEE459ACDC8B9BBF6531FCE640FD8F01EF35,412964,421375
ADD,51,evidence/2026-08-25/ADD/iteration_views/iteration_051.txt,8411,03E3803E257D3AEA17A348607BB11407C1BB69415E562A3B4B2474AE6C6CDEB8,evidence/2026-08-25/ADD/terminal_output.txt,B1C1AF3F4ADFB18D8C2DCDFA0329AEE459ACDC8B9BBF6531FCE640FD8F01EF35,421379,429790
ADD,52,evidence/2026-08-25/ADD/iteration_views/iteration_052.txt,8411,26D24AF921B3E88B08F8D235870BBDA46F324D3868640A0FCAAE260509B79D9B,evidence/2026-08-25/ADD/terminal_output.txt,B1C1AF3F4ADFB18D8C2DCDFA0329AEE459ACDC8B9BBF6531FCE640FD8F01EF35,429794,438205
ADD,53,evidence/2026-08-25/ADD/iteration_views/iteration_053.txt,8411,671A1E1885ED8D34E4063261EDBE580AC2B422DCA004982A74F3D691D6689F90,evidence/2026-08-25/ADD/terminal_output.txt,B1C1AF3F4ADFB18D8C2DCDFA0329AEE459ACDC8B9BBF6531FCE640FD8F01EF35,438209,446620
ADD,54,evidence/2026-08-25/ADD/iteration_views/iteration_054.txt,8411,64D535E883662992A7B1D8E28DE9D4AAC873D7937384663E3E91D2246A039E79,evidence/2026-08-25/ADD/terminal_output.txt,B1C1AF3F4ADFB18D8C2DCDFA0329AEE459ACDC8B9BBF6531FCE640FD8F01EF35,446624,455035
ADD,55,evidence/2026-08-25/ADD/iteration_views/iteration_055.txt,8411,5468D61CF2198DD3584CA600B02D4B48A7D454DC8ACB3C1C475B1A86975AE46F,evidence/2026-08-25/ADD/terminal_output.txt,B1C1AF3F4ADFB18D8C2DCDFA0329AEE459ACDC8B9BBF6531FCE640FD8F01EF35,455039,463450
ADD,56,evidence/2026-08-25/ADD/iteration_views/iteration_056.txt,8411,CCEF97170587B32B879DF83326DE291D06A86973A1B49973515D8447559E00F3,evidence/2026-08-25/ADD/terminal_output.txt,B1C1AF3F4ADFB18D8C2DCDFA0329AEE459ACDC8B9BBF6531FCE640FD8F01EF35,463454,471865
ADD,57,evidence/2026-08-25/ADD/iteration_views/iteration_057.txt,8411,1C6D4EF468A1D7FA4CD8DBE6614D9308E2623204D693F1ED86B8C1701AE8C5C6,evidence/2026-08-25/ADD/terminal_output.txt,B1C1AF3F4ADFB18D8C2DCDFA0329AEE459ACDC8B9BBF6531FCE640FD8F01EF35,471869,480280
ADD,58,evidence/2026-08-25/ADD/iteration_views/iteration_058.txt,8411,EAA2FCF6BA4ACC14C02B604FB6F2CA457AC5D5C69FFBDF8E29861F33F7E2D237,evidence/2026-08-25/ADD/terminal_output.txt,B1C1AF3F4ADFB18D8C2DCDFA0329AEE459ACDC8B9BBF6531FCE640FD8F01EF35,480284,488695
ADD,59,evidence/2026-08-25/ADD/iteration_views/iteration_059.txt,8411,BEECC2CE4562F3D53DA96F0F37F4F1942276D0526317526A01B6AA20AEA79CD9,evidence/2026-08-25/ADD/terminal_output.txt,B1C1AF3F4ADFB18D8C2DCDFA0329AEE459ACDC8B9BBF6531FCE640FD8F01EF35,488699,497110
ADD,60,evidence/2026-08-25/ADD/iteration_views/iteration_060.txt,8411,7A13600DA83BF7B4B8D0C3336C01CC9CF205BB4B07CAEE7A8152F0D467B7574A,evidence/2026-08-25/ADD/terminal_output.txt,B1C1AF3F4ADFB18D8C2DCDFA0329AEE459ACDC8B9BBF6531FCE640FD8F01EF35,497114,505525
ADD,61,evidence/2026-08-25/ADD/iteration_views/iteration_061.txt,8411,B83EC7A93C4E4408DC5243F14395C42D18488DE593CBDC9A1FF7346530AA459B,evidence/2026-08-25/ADD/terminal_output.txt,B1C1AF3F4ADFB18D8C2DCDFA0329AEE459ACDC8B9BBF6531FCE640FD8F01EF35,505529,513940
ADD,62,evidence/2026-08-25/ADD/iteration_views/iteration_062.txt,8411,3CAC84C529BB053CED11A442502C38E5ACFB96A858ADADEFD875D79C7F637CBC,evidence/2026-08-25/ADD/terminal_output.txt,B1C1AF3F4ADFB18D8C2DCDFA0329AEE459ACDC8B9BBF6531FCE640FD8F01EF35,513944,522355
ADD,63,evidence/2026-08-25/ADD/iteration_views/iteration_063.txt,8411,333EBDF90A165353E03F410ED0D16E2FD571DD5F66F43327524C378FD0F49D87,evidence/2026-08-25/ADD/terminal_output.txt,B1C1AF3F4ADFB18D8C2DCDFA0329AEE459ACDC8B9BBF6531FCE640FD8F01EF35,522359,530770
ADD,64,evidence/2026-08-25/ADD/iteration_views/iteration_064.txt,8411,72E56CB83405A14AC689C17D4CFD56C3707A8448E185EF7BC4091629971AB09C,evidence/2026-08-25/ADD/terminal_output.txt,B1C1AF3F4ADFB18D8C2DCDFA0329AEE459ACDC8B9BBF6531FCE640FD8F01EF35,530774,539185
ADD,65,evidence/2026-08-25/ADD/iteration_views/iteration_065.txt,8411,0A754D8E849A832758886B5AD92FD9210E0FCB5E4D29877BE3B7E265F11A1D88,evidence/2026-08-25/ADD/terminal_output.txt,B1C1AF3F4ADFB18D8C2DCDFA0329AEE459ACDC8B9BBF6531FCE640FD8F01EF35,539189,547600
ADD,66,evidence/2026-08-25/ADD/iteration_views/iteration_066.txt,8411,B33BED913101F6444E50B9C9B34219B90DB72329A44B62B74EC097CE6C5857A3,evidence/2026-08-25/ADD/terminal_output.txt,B1C1AF3F4ADFB18D8C2DCDFA0329AEE459ACDC8B9BBF6531FCE640FD8F01EF35,547604,556015
ADD,67,evidence/2026-08-25/ADD/iteration_views/iteration_067.txt,8411,D6070414ADE7FBE5B832054323666DE2F6EA3666FF00E8730950C72CB8F06AC1,evidence/2026-08-25/ADD/terminal_output.txt,B1C1AF3F4ADFB18D8C2DCDFA0329AEE459ACDC8B9BBF6531FCE640FD8F01EF35,556019,564430
ADD,68,evidence/2026-08-25/ADD/iteration_views/iteration_068.txt,8411,AF49D101B4D4673F2AE39E59FC365C63051FE7136E6D3F174705EDE0CC485A4C,evidence/2026-08-25/ADD/terminal_output.txt,B1C1AF3F4ADFB18D8C2DCDFA0329AEE459ACDC8B9BBF6531FCE640FD8F01EF35,564434,572845
ADD,69,evidence/2026-08-25/ADD/iteration_views/iteration_069.txt,8411,58373E93E0CC972A69D319AE358D2C75B42DF08A8250904B8767C8E70C906791,evidence/2026-08-25/ADD/terminal_output.txt,B1C1AF3F4ADFB18D8C2DCDFA0329AEE459ACDC8B9BBF6531FCE640FD8F01EF35,572849,581260
ADD,70,evidence/2026-08-25/ADD/iteration_views/iteration_070.txt,8411,9595699185B881C57D3AA43AEBDA2F067810B6E8EF40E5BB6D94C0984C10CEDD,evidence/2026-08-25/ADD/terminal_output.txt,B1C1AF3F4ADFB18D8C2DCDFA0329AEE459ACDC8B9BBF6531FCE640FD8F01EF35,581264,589675
ADD,71,evidence/2026-08-25/ADD/iteration_views/iteration_071.txt,8411,20BF949AD3F953E7584989F6DC73D59B4193548B613DC99E8AB4A72EFDEBFB11,evidence/2026-08-25/ADD/terminal_output.txt,B1C1AF3F4ADFB18D8C2DCDFA0329AEE459ACDC8B9BBF6531FCE640FD8F01EF35,589679,598090
ADD,72,evidence/2026-08-25/ADD/iteration_views/iteration_072.txt,8411,33CE970B255C24D9E72E390A86714B2C30309EE3D4C657789829634086785534,evidence/2026-08-25/ADD/terminal_output.txt,B1C1AF3F4ADFB18D8C2DCDFA0329AEE459ACDC8B9BBF6531FCE640FD8F01EF35,598094,606505
ADD,73,evidence/2026-08-25/ADD/iteration_views/iteration_073.txt,8411,63FB815D28BD4E34B72669D1D3E8F7058883F7042AB8DD4ED7054EE5ABBFC660,evidence/2026-08-25/ADD/terminal_output.txt,B1C1AF3F4ADFB18D8C2DCDFA0329AEE459ACDC8B9BBF6531FCE640FD8F01EF35,606509,614920
ADD,74,evidence/2026-08-25/ADD/iteration_views/iteration_074.txt,8411,8189A252C53D2A087B0A7C4383024067C061758BDCDEF0B3A14485C7483919A7,evidence/2026-08-25/ADD/terminal_output.txt,B1C1AF3F4ADFB18D8C2DCDFA0329AEE459ACDC8B9BBF6531FCE640FD8F01EF35,614924,623335
ADD,75,evidence/2026-08-25/ADD/iteration_views/iteration_075.txt,8411,AE88785512D33BC0D923C044D83E127E2897CA6AE0A7D66FD63700A0A801893B,evidence/2026-08-25/ADD/terminal_output.txt,B1C1AF3F4ADFB18D8C2DCDFA0329AEE459ACDC8B9BBF6531FCE640FD8F01EF35,623339,631750
ADD,76,evidence/2026-08-25/ADD/iteration_views/iteration_076.txt,8411,ADB46B3C4962546F833E4D5CA9A5902D93E572D76E778F210E533CA576452FB8,evidence/2026-08-25/ADD/terminal_output.txt,B1C1AF3F4ADFB18D8C2DCDFA0329AEE459ACDC8B9BBF6531FCE640FD8F01EF35,631754,640165
ADD,77,evidence/2026-08-25/ADD/iteration_views/iteration_077.txt,8411,374DFE86D939D89A5F5E0657B4774F0B496A6C8A4977FBF4F121DAEBC9278D60,evidence/2026-08-25/ADD/terminal_output.txt,B1C1AF3F4ADFB18D8C2DCDFA0329AEE459ACDC8B9BBF6531FCE640FD8F01EF35,640169,648580
ADD,78,evidence/2026-08-25/ADD/iteration_views/iteration_078.txt,8411,2DA92540F3C17938B68599AD9B7B468605E44F897352473407B25A84A369851D,evidence/2026-08-25/ADD/terminal_output.txt,B1C1AF3F4ADFB18D8C2DCDFA0329AEE459ACDC8B9BBF6531FCE640FD8F01EF35,648584,656995
ADD,79,evidence/2026-08-25/ADD/iteration_views/iteration_079.txt,8411,530D0C05521B88D22C286E33FF6A09FCB0AFBE9B7849D1B2353B41CC2756A06E,evidence/2026-08-25/ADD/terminal_output.txt,B1C1AF3F4ADFB18D8C2DCDFA0329AEE459ACDC8B9BBF6531FCE640FD8F01EF35,656999,665410
ADD,80,evidence/2026-08-25/ADD/iteration_views/iteration_080.txt,8411,7DE84D0150811B909F2D1D5BBD32A1BC8F8AD43B68619DB8CC26462D1EF86135,evidence/2026-08-25/ADD/terminal_output.txt,B1C1AF3F4ADFB18D8C2DCDFA0329AEE459ACDC8B9BBF6531FCE640FD8F01EF35,665414,673825
ADD,81,evidence/2026-08-25/ADD/iteration_views/iteration_081.txt,8411,6080D52CC74181B6FF11571B20FF296B3E4763C9E2B1EF65F5484FE8BEE14845,evidence/2026-08-25/ADD/terminal_output.txt,B1C1AF3F4ADFB18D8C2DCDFA0329AEE459ACDC8B9BBF6531FCE640FD8F01EF35,673829,682240
ADD,82,evidence/2026-08-25/ADD/iteration_views/iteration_082.txt,8411,E11112AC542E359E81D3639BAEE7AD26270CA1EF06A86325F522765ADCD60854,evidence/2026-08-25/ADD/terminal_output.txt,B1C1AF3F4ADFB18D8C2DCDFA0329AEE459ACDC8B9BBF6531FCE640FD8F01EF35,682244,690655
ADD,83,evidence/2026-08-25/ADD/iteration_views/iteration_083.txt,8411,C7F21B643C85A49023BA7B8AF2BD11FDC9C51BB7FBCC682DF77C7D5434D81925,evidence/2026-08-25/ADD/terminal_output.txt,B1C1AF3F4ADFB18D8C2DCDFA0329AEE459ACDC8B9BBF6531FCE640FD8F01EF35,690659,699070
ADD,84,evidence/2026-08-25/ADD/iteration_views/iteration_084.txt,8411,954D3373061F555AAD5E91085F405DADD1B1D71ACE9DE14478DEF98B4A8CDAFB,evidence/2026-08-25/ADD/terminal_output.txt,B1C1AF3F4ADFB18D8C2DCDFA0329AEE459ACDC8B9BBF6531FCE640FD8F01EF35,699074,707485
ADD,85,evidence/2026-08-25/ADD/iteration_views/iteration_085.txt,8411,415BD99DF1117F6551F64E475AFB04D0F7343F89CE0718692DADDE12E17BE8FC,evidence/2026-08-25/ADD/terminal_output.txt,B1C1AF3F4ADFB18D8C2DCDFA0329AEE459ACDC8B9BBF6531FCE640FD8F01EF35,707489,715900
ADD,86,evidence/2026-08-25/ADD/iteration_views/iteration_086.txt,8411,D3AA217481513BF2CEBF415B130511236F385F62AD950061E10B732A939F1680,evidence/2026-08-25/ADD/terminal_output.txt,B1C1AF3F4ADFB18D8C2DCDFA0329AEE459ACDC8B9BBF6531FCE640FD8F01EF35,715904,724315
ADD,87,evidence/2026-08-25/ADD/iteration_views/iteration_087.txt,8411,B6200C2C5BF3EE57491659B3B2DC1378D560813D93AE7B220B128547D5BAB74D,evidence/2026-08-25/ADD/terminal_output.txt,B1C1AF3F4ADFB18D8C2DCDFA0329AEE459ACDC8B9BBF6531FCE640FD8F01EF35,724319,732730
ADD,88,evidence/2026-08-25/ADD/iteration_views/iteration_088.txt,8411,8D5A31DA561917B4B269E16E442C56C8D58D7FC0F718681C5372754050963696,evidence/2026-08-25/ADD/terminal_output.txt,B1C1AF3F4ADFB18D8C2DCDFA0329AEE459ACDC8B9BBF6531FCE640FD8F01EF35,732734,741145
ADD,89,evidence/2026-08-25/ADD/iteration_views/iteration_089.txt,8411,8D175D4CB6D35F2514460D2D6623A6C7115A71AD393245A42A552143B0403C1B,evidence/2026-08-25/ADD/terminal_output.txt,B1C1AF3F4ADFB18D8C2DCDFA0329AEE459ACDC8B9BBF6531FCE640FD8F01EF35,741149,749560
ADD,90,evidence/2026-08-25/ADD/iteration_views/iteration_090.txt,8411,0286E7018C9226E96485B379558A10CCD03AC09B2E6A6A71293D88A33192C792,evidence/2026-08-25/ADD/terminal_output.txt,B1C1AF3F4ADFB18D8C2DCDFA0329AEE459ACDC8B9BBF6531FCE640FD8F01EF35,749564,757975
ADD,91,evidence/2026-08-25/ADD/iteration_views/iteration_091.txt,8411,6DA098E5CD7AA7799C5EE8A59143AC367649EA049E465D2F344A6BF037C5057E,evidence/2026-08-25/ADD/terminal_output.txt,B1C1AF3F4ADFB18D8C2DCDFA0329AEE459ACDC8B9BBF6531FCE640FD8F01EF35,757979,766390
ADD,92,evidence/2026-08-25/ADD/iteration_views/iteration_092.txt,8411,0C1D6311CF3021DC58976D0F45016104F068178B736B036954DDE7CCAAC77BFE,evidence/2026-08-25/ADD/terminal_output.txt,B1C1AF3F4ADFB18D8C2DCDFA0329AEE459ACDC8B9BBF6531FCE640FD8F01EF35,766394,774805
ADD,93,evidence/2026-08-25/ADD/iteration_views/iteration_093.txt,8411,97E51173913A11F89198ED4E092C4AB313590187126719BD8A3BAD4AEE135D68,evidence/2026-08-25/ADD/terminal_output.txt,B1C1AF3F4ADFB18D8C2DCDFA0329AEE459ACDC8B9BBF6531FCE640FD8F01EF35,774809,783220
ADD,94,evidence/2026-08-25/ADD/iteration_views/iteration_094.txt,8411,B14DDF4C493760992EC62622B042FBF63A7B99BE6E1178FF62B763C9432CAF8B,evidence/2026-08-25/ADD/terminal_output.txt,B1C1AF3F4ADFB18D8C2DCDFA0329AEE459ACDC8B9BBF6531FCE640FD8F01EF35,783224,791635
ADD,95,evidence/2026-08-25/ADD/iteration_views/iteration_095.txt,8411,B3481E64C5248932DD9D2DCB896845C0B83319C0A7FB58C305DE0D3606D5D406,evidence/2026-08-25/ADD/terminal_output.txt,B1C1AF3F4ADFB18D8C2DCDFA0329AEE459ACDC8B9BBF6531FCE640FD8F01EF35,791639,800050
ADD,96,evidence/2026-08-25/ADD/iteration_views/iteration_096.txt,8411,BC49F52938D1C5333B22178F38672A9C4D5D3FE9F9EC8BDB968ACA0929D6D844,evidence/2026-08-25/ADD/terminal_output.txt,B1C1AF3F4ADFB18D8C2DCDFA0329AEE459ACDC8B9BBF6531FCE640FD8F01EF35,800054,808465
ADD,97,evidence/2026-08-25/ADD/iteration_views/iteration_097.txt,8411,EAF22A5534BB6D8CF337CAC48EFD0778BC1DA25323710781C19F29159D474C33,evidence/2026-08-25/ADD/terminal_output.txt,B1C1AF3F4ADFB18D8C2DCDFA0329AEE459ACDC8B9BBF6531FCE640FD8F01EF35,808469,816880
ADD,98,evidence/2026-08-25/ADD/iteration_views/iteration_098.txt,8411,BA05EF24708D27EF1A31733FAEEC66A8840637FEE3228F13416555316FA4D026,evidence/2026-08-25/ADD/terminal_output.txt,B1C1AF3F4ADFB18D8C2DCDFA0329AEE459ACDC8B9BBF6531FCE640FD8F01EF35,816884,825295
ADD,99,evidence/2026-08-25/ADD/iteration_views/iteration_099.txt,8411,75C8E3D0D6143AC71186C8D61A48F5DC48AEC40BBD073AF3164A29D6B6A067E5,evidence/2026-08-25/ADD/terminal_output.txt,B1C1AF3F4ADFB18D8C2DCDFA0329AEE459ACDC8B9BBF6531FCE640FD8F01EF35,825299,833710
ADD,100,evidence/2026-08-25/ADD/iteration_views/iteration_100.txt,8412,7FE3BA3D6AAB09CA0FE358212CA7697530A3F82F9F74320B166E51EF7B3BDE59,evidence/2026-08-25/ADD/terminal_output.txt,B1C1AF3F4ADFB18D8C2DCDFA0329AEE459ACDC8B9BBF6531FCE640FD8F01EF35,833714,842126
MUL,1,evidence/2026-08-25/MUL/iteration_views/iteration_001.txt,11264,AC01E691B8B5229AF77E1DA5DE62053405A8B90CCA0728B16CF3FBF7CE624125,evidence/2026-08-25/MUL/terminal_output.txt,A9148E7C951CC80099FF5A868C7621924EF2ABA5B4DF618CD6DCF4EE8819B2E0,644,11908
MUL,2,evidence/2026-08-25/MUL/iteration_views/iteration_002.txt,11264,CBE59C7A7634FB4AECDDE222E8F6F65BC07B202E5DD2D075ACA8469C12FBBFA0,evidence/2026-08-25/MUL/terminal_output.txt,A9148E7C951CC80099FF5A868C7621924EF2ABA5B4DF618CD6DCF4EE8819B2E0,11912,23176
MUL,3,evidence/2026-08-25/MUL/iteration_views/iteration_003.txt,11264,D5717396937876E85BD39D3224A007142D26AA8D5361F5DEE051AF525CB56830,evidence/2026-08-25/MUL/terminal_output.txt,A9148E7C951CC80099FF5A868C7621924EF2ABA5B4DF618CD6DCF4EE8819B2E0,23180,34444
MUL,4,evidence/2026-08-25/MUL/iteration_views/iteration_004.txt,11264,59D3CD5C1990E2AD094C5FA688513B79E4F612FFC5407A5C1C7CABA996E7567A,evidence/2026-08-25/MUL/terminal_output.txt,A9148E7C951CC80099FF5A868C7621924EF2ABA5B4DF618CD6DCF4EE8819B2E0,34448,45712
MUL,5,evidence/2026-08-25/MUL/iteration_views/iteration_005.txt,11264,5C9AD1843012BB4BDA780B6F1A586270D2E3BBE39F1E59ABF61A836A16C2BDD8,evidence/2026-08-25/MUL/terminal_output.txt,A9148E7C951CC80099FF5A868C7621924EF2ABA5B4DF618CD6DCF4EE8819B2E0,45716,56980
MUL,6,evidence/2026-08-25/MUL/iteration_views/iteration_006.txt,11264,2CC3E36FBC2F0375F4A62BD6FD47679368164260D07BDDFA0895BDBC7A42DCAE,evidence/2026-08-25/MUL/terminal_output.txt,A9148E7C951CC80099FF5A868C7621924EF2ABA5B4DF618CD6DCF4EE8819B2E0,56984,68248
MUL,7,evidence/2026-08-25/MUL/iteration_views/iteration_007.txt,11264,3412B8971F84E93FE2F4AB19F2E8B52DEC13F3D1D9A6B9645D8AFF4FCE741EB7,evidence/2026-08-25/MUL/terminal_output.txt,A9148E7C951CC80099FF5A868C7621924EF2ABA5B4DF618CD6DCF4EE8819B2E0,68252,79516
MUL,8,evidence/2026-08-25/MUL/iteration_views/iteration_008.txt,11264,93EEE74C5E9F5959B54F725E4F45733EB25C5BB60E4240878CB55C5E4730822F,evidence/2026-08-25/MUL/terminal_output.txt,A9148E7C951CC80099FF5A868C7621924EF2ABA5B4DF618CD6DCF4EE8819B2E0,79520,90784
MUL,9,evidence/2026-08-25/MUL/iteration_views/iteration_009.txt,11264,2B0DDDA6CEF6B7993C348A93A8AEDC94B90BE7774E8151D6DE25EB074E281B5E,evidence/2026-08-25/MUL/terminal_output.txt,A9148E7C951CC80099FF5A868C7621924EF2ABA5B4DF618CD6DCF4EE8819B2E0,90788,102052
MUL,10,evidence/2026-08-25/MUL/iteration_views/iteration_010.txt,11265,4EADC46EFA08A16746E99CD96D9BF07985E44F3C6212E2BAC474CAC98B6B33E9,evidence/2026-08-25/MUL/terminal_output.txt,A9148E7C951CC80099FF5A868C7621924EF2ABA5B4DF618CD6DCF4EE8819B2E0,102056,113321
MUL,11,evidence/2026-08-25/MUL/iteration_views/iteration_011.txt,11265,500C2CC90CC4849F0F88194DB16BF01D3FA9BA7502E06EDACC0E7EE2F0DD5D84,evidence/2026-08-25/MUL/terminal_output.txt,A9148E7C951CC80099FF5A868C7621924EF2ABA5B4DF618CD6DCF4EE8819B2E0,113325,124590
MUL,12,evidence/2026-08-25/MUL/iteration_views/iteration_012.txt,11265,90A2493AC2063BA1D663D5325034747628092FC8F882FD3E026E82E644AAB0F7,evidence/2026-08-25/MUL/terminal_output.txt,A9148E7C951CC80099FF5A868C7621924EF2ABA5B4DF618CD6DCF4EE8819B2E0,124594,135859
MUL,13,evidence/2026-08-25/MUL/iteration_views/iteration_013.txt,11265,7744B2D99B62FBCB6CCE063F2229CF2D238BA9B0EAB2F127A659925B135E2623,evidence/2026-08-25/MUL/terminal_output.txt,A9148E7C951CC80099FF5A868C7621924EF2ABA5B4DF618CD6DCF4EE8819B2E0,135863,147128
MUL,14,evidence/2026-08-25/MUL/iteration_views/iteration_014.txt,11265,830BE901BE59FB2A145347A014BB57D69DF155FFA29D40628307095749A86983,evidence/2026-08-25/MUL/terminal_output.txt,A9148E7C951CC80099FF5A868C7621924EF2ABA5B4DF618CD6DCF4EE8819B2E0,147132,158397
MUL,15,evidence/2026-08-25/MUL/iteration_views/iteration_015.txt,11265,A27E22EA2E10BDEA61AFC01463A69D75972ABF38A4F9ACA14AC846AB1F77283C,evidence/2026-08-25/MUL/terminal_output.txt,A9148E7C951CC80099FF5A868C7621924EF2ABA5B4DF618CD6DCF4EE8819B2E0,158401,169666
MUL,16,evidence/2026-08-25/MUL/iteration_views/iteration_016.txt,11265,12E7BC5F055BAD8DEEB07FD471A1A0010675C0E7BC61646EBC195D3E661E0720,evidence/2026-08-25/MUL/terminal_output.txt,A9148E7C951CC80099FF5A868C7621924EF2ABA5B4DF618CD6DCF4EE8819B2E0,169670,180935
MUL,17,evidence/2026-08-25/MUL/iteration_views/iteration_017.txt,11265,90BA07C27D8E258FF34CCDA7FE60BB9929AE67C7ED7C2D175B08F776916475F5,evidence/2026-08-25/MUL/terminal_output.txt,A9148E7C951CC80099FF5A868C7621924EF2ABA5B4DF618CD6DCF4EE8819B2E0,180939,192204
MUL,18,evidence/2026-08-25/MUL/iteration_views/iteration_018.txt,11265,562667749CF9CF90DB365B1ADE0191579C4C2496F6EC7C049FD7EDD8B4F0E74C,evidence/2026-08-25/MUL/terminal_output.txt,A9148E7C951CC80099FF5A868C7621924EF2ABA5B4DF618CD6DCF4EE8819B2E0,192208,203473
MUL,19,evidence/2026-08-25/MUL/iteration_views/iteration_019.txt,11265,7DA44B95ACCBA0E95863560A2AD750A391918EDEE1259859A2BC8B9F0B1DFC53,evidence/2026-08-25/MUL/terminal_output.txt,A9148E7C951CC80099FF5A868C7621924EF2ABA5B4DF618CD6DCF4EE8819B2E0,203477,214742
MUL,20,evidence/2026-08-25/MUL/iteration_views/iteration_020.txt,11265,F0F4E3BF33B963270BAFC6E3528D2EB54981F7B6C8B1BDD6E22EA086BACFEAC4,evidence/2026-08-25/MUL/terminal_output.txt,A9148E7C951CC80099FF5A868C7621924EF2ABA5B4DF618CD6DCF4EE8819B2E0,214746,226011
MUL,21,evidence/2026-08-25/MUL/iteration_views/iteration_021.txt,11265,5C80ED6D38220C82839ED26D2C33FC3D6E31D37A1D43D23C37C4AE752BC58C2F,evidence/2026-08-25/MUL/terminal_output.txt,A9148E7C951CC80099FF5A868C7621924EF2ABA5B4DF618CD6DCF4EE8819B2E0,226015,237280
MUL,22,evidence/2026-08-25/MUL/iteration_views/iteration_022.txt,11265,BC169F7C90A439A43AF45BC5C5B2EDCF5EBA1357EEE013DF8D3365819CD3E8FB,evidence/2026-08-25/MUL/terminal_output.txt,A9148E7C951CC80099FF5A868C7621924EF2ABA5B4DF618CD6DCF4EE8819B2E0,237284,248549
MUL,23,evidence/2026-08-25/MUL/iteration_views/iteration_023.txt,11265,BE9A1CD2341AE5BF80A005643462A2FC13834D55D41EFA9596C73B2D8BB7DAB6,evidence/2026-08-25/MUL/terminal_output.txt,A9148E7C951CC80099FF5A868C7621924EF2ABA5B4DF618CD6DCF4EE8819B2E0,248553,259818
MUL,24,evidence/2026-08-25/MUL/iteration_views/iteration_024.txt,11265,A304E0BDE718C65E32D788D33247B12364CB42D309A573A2D6477CE07C3703F3,evidence/2026-08-25/MUL/terminal_output.txt,A9148E7C951CC80099FF5A868C7621924EF2ABA5B4DF618CD6DCF4EE8819B2E0,259822,271087
MUL,25,evidence/2026-08-25/MUL/iteration_views/iteration_025.txt,11265,BB2D70F1C83FB22138E1652FE066BABC4D9F1C000C678FF98377B32F4FAEC602,evidence/2026-08-25/MUL/terminal_output.txt,A9148E7C951CC80099FF5A868C7621924EF2ABA5B4DF618CD6DCF4EE8819B2E0,271091,282356
MUL,26,evidence/2026-08-25/MUL/iteration_views/iteration_026.txt,11265,4CEB4570DDB12851697339830554BF7F96D748110ECB4C359DD35E60EBEDE090,evidence/2026-08-25/MUL/terminal_output.txt,A9148E7C951CC80099FF5A868C7621924EF2ABA5B4DF618CD6DCF4EE8819B2E0,282360,293625
MUL,27,evidence/2026-08-25/MUL/iteration_views/iteration_027.txt,11265,8807035D2388B601D71954A7C3CCF40A965E6A5FF2D971317D637C8BA959BE34,evidence/2026-08-25/MUL/terminal_output.txt,A9148E7C951CC80099FF5A868C7621924EF2ABA5B4DF618CD6DCF4EE8819B2E0,293629,304894
MUL,28,evidence/2026-08-25/MUL/iteration_views/iteration_028.txt,11265,77B364E13BE9934FD45712EEE80685C083B4A5939E40A1D870C2E94C3E03494B,evidence/2026-08-25/MUL/terminal_output.txt,A9148E7C951CC80099FF5A868C7621924EF2ABA5B4DF618CD6DCF4EE8819B2E0,304898,316163
MUL,29,evidence/2026-08-25/MUL/iteration_views/iteration_029.txt,11265,C214FACEFC86FE94E3DE31C99F212FCF5D0890FABB7B53568ACFFED54DFF0308,evidence/2026-08-25/MUL/terminal_output.txt,A9148E7C951CC80099FF5A868C7621924EF2ABA5B4DF618CD6DCF4EE8819B2E0,316167,327432
MUL,30,evidence/2026-08-25/MUL/iteration_views/iteration_030.txt,11265,AD6052010B1855555D9ED4BE6F7148B5AA3A9D1926C9923A5F50BA2F8D69430D,evidence/2026-08-25/MUL/terminal_output.txt,A9148E7C951CC80099FF5A868C7621924EF2ABA5B4DF618CD6DCF4EE8819B2E0,327436,338701
MUL,31,evidence/2026-08-25/MUL/iteration_views/iteration_031.txt,11265,1C284EA0212B0B9F2E626445DB7A46552ADEC89F0FD775B227526AC0DBA9E6CE,evidence/2026-08-25/MUL/terminal_output.txt,A9148E7C951CC80099FF5A868C7621924EF2ABA5B4DF618CD6DCF4EE8819B2E0,338705,349970
MUL,32,evidence/2026-08-25/MUL/iteration_views/iteration_032.txt,11265,4C1F942AF7640BE3C4515032778614B60DE9D858CF2A6D054DB3D49FF90BB477,evidence/2026-08-25/MUL/terminal_output.txt,A9148E7C951CC80099FF5A868C7621924EF2ABA5B4DF618CD6DCF4EE8819B2E0,349974,361239
MUL,33,evidence/2026-08-25/MUL/iteration_views/iteration_033.txt,11265,0B00A90BE062EE46CD81AEB0E4FC04DEDBFABD7060503801CA507682A5E68A62,evidence/2026-08-25/MUL/terminal_output.txt,A9148E7C951CC80099FF5A868C7621924EF2ABA5B4DF618CD6DCF4EE8819B2E0,361243,372508
MUL,34,evidence/2026-08-25/MUL/iteration_views/iteration_034.txt,11265,D721D5592A06FCEF5E0DD81912BD450481C593143978D205249D0AA7C46FBC04,evidence/2026-08-25/MUL/terminal_output.txt,A9148E7C951CC80099FF5A868C7621924EF2ABA5B4DF618CD6DCF4EE8819B2E0,372512,383777
MUL,35,evidence/2026-08-25/MUL/iteration_views/iteration_035.txt,11265,26F484473421FC81483FEBEFE192172E50856574D16EBAAD017BD134BB04050A,evidence/2026-08-25/MUL/terminal_output.txt,A9148E7C951CC80099FF5A868C7621924EF2ABA5B4DF618CD6DCF4EE8819B2E0,383781,395046
MUL,36,evidence/2026-08-25/MUL/iteration_views/iteration_036.txt,11265,27B5049B569549C7D4A1546D938CFCD8B3A27FA6FDFC7A9F9E118128A8DF49A0,evidence/2026-08-25/MUL/terminal_output.txt,A9148E7C951CC80099FF5A868C7621924EF2ABA5B4DF618CD6DCF4EE8819B2E0,395050,406315
MUL,37,evidence/2026-08-25/MUL/iteration_views/iteration_037.txt,11265,E96FCE20672DB8732A5C2991FA6384F9F7BC1ADF315A76EC7D115E5023F905FA,evidence/2026-08-25/MUL/terminal_output.txt,A9148E7C951CC80099FF5A868C7621924EF2ABA5B4DF618CD6DCF4EE8819B2E0,406319,417584
MUL,38,evidence/2026-08-25/MUL/iteration_views/iteration_038.txt,11265,272D31C4BE7E8B46E02CCD44AD177B59FF2D733B9790F261DAE80D55C6182814,evidence/2026-08-25/MUL/terminal_output.txt,A9148E7C951CC80099FF5A868C7621924EF2ABA5B4DF618CD6DCF4EE8819B2E0,417588,428853
MUL,39,evidence/2026-08-25/MUL/iteration_views/iteration_039.txt,11265,C2062B7D5D1B0FEA50EAAF370E3486A9A2B9E172D38FF8A9725FC55418484DBF,evidence/2026-08-25/MUL/terminal_output.txt,A9148E7C951CC80099FF5A868C7621924EF2ABA5B4DF618CD6DCF4EE8819B2E0,428857,440122
MUL,40,evidence/2026-08-25/MUL/iteration_views/iteration_040.txt,11265,A4296D069525887F880E553E3F5D9DA41693B9ADEFB20C4BFA7F0AF5A6E0C8E1,evidence/2026-08-25/MUL/terminal_output.txt,A9148E7C951CC80099FF5A868C7621924EF2ABA5B4DF618CD6DCF4EE8819B2E0,440126,451391
MUL,41,evidence/2026-08-25/MUL/iteration_views/iteration_041.txt,11265,1EB71A3B904F742260824727B949A93DA419885947089F776D2FD526DD781E02,evidence/2026-08-25/MUL/terminal_output.txt,A9148E7C951CC80099FF5A868C7621924EF2ABA5B4DF618CD6DCF4EE8819B2E0,451395,462660
MUL,42,evidence/2026-08-25/MUL/iteration_views/iteration_042.txt,11265,897F62701C4F8589B82EB5925CDF3FF65FF4100219BBEABD01241BC9778FD50C,evidence/2026-08-25/MUL/terminal_output.txt,A9148E7C951CC80099FF5A868C7621924EF2ABA5B4DF618CD6DCF4EE8819B2E0,462664,473929
MUL,43,evidence/2026-08-25/MUL/iteration_views/iteration_043.txt,11265,33E63CAF32386A365369BABA275F1749BBC9A834B1618B52A7CC8A2F84D43A9A,evidence/2026-08-25/MUL/terminal_output.txt,A9148E7C951CC80099FF5A868C7621924EF2ABA5B4DF618CD6DCF4EE8819B2E0,473933,485198
MUL,44,evidence/2026-08-25/MUL/iteration_views/iteration_044.txt,11265,B66D5A934067F72D42B2C02A8280FAB2623C8FA9CBA87E76A02142B23DCC3561,evidence/2026-08-25/MUL/terminal_output.txt,A9148E7C951CC80099FF5A868C7621924EF2ABA5B4DF618CD6DCF4EE8819B2E0,485202,496467
MUL,45,evidence/2026-08-25/MUL/iteration_views/iteration_045.txt,11265,A8A1E143ED8437A4D014437D6782054B9882E69FED2CE906EDC32AD67FC57D51,evidence/2026-08-25/MUL/terminal_output.txt,A9148E7C951CC80099FF5A868C7621924EF2ABA5B4DF618CD6DCF4EE8819B2E0,496471,507736
MUL,46,evidence/2026-08-25/MUL/iteration_views/iteration_046.txt,11265,3AB96140682909A439C55553FE974265392A8D48B53A265DE12F8F4DEB5A860C,evidence/2026-08-25/MUL/terminal_output.txt,A9148E7C951CC80099FF5A868C7621924EF2ABA5B4DF618CD6DCF4EE8819B2E0,507740,519005
MUL,47,evidence/2026-08-25/MUL/iteration_views/iteration_047.txt,11265,027AC8BC2F7517160FFB34CD2D0DC94F3783FDB0D421C530CE5BB882A452B0E1,evidence/2026-08-25/MUL/terminal_output.txt,A9148E7C951CC80099FF5A868C7621924EF2ABA5B4DF618CD6DCF4EE8819B2E0,519009,530274
MUL,48,evidence/2026-08-25/MUL/iteration_views/iteration_048.txt,11265,A497EED1131E654A40C79C9716DD02E6B6EE1A6F1901702358E74BF8AF089693,evidence/2026-08-25/MUL/terminal_output.txt,A9148E7C951CC80099FF5A868C7621924EF2ABA5B4DF618CD6DCF4EE8819B2E0,530278,541543
MUL,49,evidence/2026-08-25/MUL/iteration_views/iteration_049.txt,11265,608F614E98D6293BADB7BBDB76D738E1D748246E65AC2334CB0C9FD45D83E3B1,evidence/2026-08-25/MUL/terminal_output.txt,A9148E7C951CC80099FF5A868C7621924EF2ABA5B4DF618CD6DCF4EE8819B2E0,541547,552812
MUL,50,evidence/2026-08-25/MUL/iteration_views/iteration_050.txt,11265,0F757B20A12E2320849C9F1A33CA575C77D31B04CAF5FD84AA2E956CF13B8C48,evidence/2026-08-25/MUL/terminal_output.txt,A9148E7C951CC80099FF5A868C7621924EF2ABA5B4DF618CD6DCF4EE8819B2E0,552816,564081
MUL,51,evidence/2026-08-25/MUL/iteration_views/iteration_051.txt,11265,45BFEFC77B1D97E311D95F851EFE90F6C8B6E7956381F407328282AD5E9C0D03,evidence/2026-08-25/MUL/terminal_output.txt,A9148E7C951CC80099FF5A868C7621924EF2ABA5B4DF618CD6DCF4EE8819B2E0,564085,575350
MUL,52,evidence/2026-08-25/MUL/iteration_views/iteration_052.txt,11265,4E6AE8DBE93C8789B6CBDC9A68221EEFB9F1771D8669C9D587B7898017038DF9,evidence/2026-08-25/MUL/terminal_output.txt,A9148E7C951CC80099FF5A868C7621924EF2ABA5B4DF618CD6DCF4EE8819B2E0,575354,586619
MUL,53,evidence/2026-08-25/MUL/iteration_views/iteration_053.txt,11265,EEDA419DBCC3A112EE6DE478BC795362F043E57FA333AE83E44C9D0FF2146487,evidence/2026-08-25/MUL/terminal_output.txt,A9148E7C951CC80099FF5A868C7621924EF2ABA5B4DF618CD6DCF4EE8819B2E0,586623,597888
MUL,54,evidence/2026-08-25/MUL/iteration_views/iteration_054.txt,11265,73D61A245F9D76EEF201CA98A8817D82BF8ED2EA5D042E5B80D9CBD564E0BCA7,evidence/2026-08-25/MUL/terminal_output.txt,A9148E7C951CC80099FF5A868C7621924EF2ABA5B4DF618CD6DCF4EE8819B2E0,597892,609157
MUL,55,evidence/2026-08-25/MUL/iteration_views/iteration_055.txt,11265,F4024158DE5E6B1A8F51D265224D1EF13983BA6F5B8DDF65BD30D746C189CD5E,evidence/2026-08-25/MUL/terminal_output.txt,A9148E7C951CC80099FF5A868C7621924EF2ABA5B4DF618CD6DCF4EE8819B2E0,609161,620426
MUL,56,evidence/2026-08-25/MUL/iteration_views/iteration_056.txt,11265,1A7292C219FF2B6A0A5FF3DF7E99F7F892B4E32C2A6A0CF3DE3B9D6317722EB6,evidence/2026-08-25/MUL/terminal_output.txt,A9148E7C951CC80099FF5A868C7621924EF2ABA5B4DF618CD6DCF4EE8819B2E0,620430,631695
MUL,57,evidence/2026-08-25/MUL/iteration_views/iteration_057.txt,11265,AAF0BE51A2A0E02B4E8221726F568D22990F26438B7C774A9AD1914066EB1631,evidence/2026-08-25/MUL/terminal_output.txt,A9148E7C951CC80099FF5A868C7621924EF2ABA5B4DF618CD6DCF4EE8819B2E0,631699,642964
MUL,58,evidence/2026-08-25/MUL/iteration_views/iteration_058.txt,11265,ABA695901C9B1B3A3897CD132EE8DC4F7DEBF9519F390A40FE5072A7D3B6A055,evidence/2026-08-25/MUL/terminal_output.txt,A9148E7C951CC80099FF5A868C7621924EF2ABA5B4DF618CD6DCF4EE8819B2E0,642968,654233
MUL,59,evidence/2026-08-25/MUL/iteration_views/iteration_059.txt,11265,1CCCBCC4E2531E2CCE7B687C8440692082EBF11FDBB13D4C49A5820D5D3DFD16,evidence/2026-08-25/MUL/terminal_output.txt,A9148E7C951CC80099FF5A868C7621924EF2ABA5B4DF618CD6DCF4EE8819B2E0,654237,665502
MUL,60,evidence/2026-08-25/MUL/iteration_views/iteration_060.txt,11265,668E6E80AA685060D82F666B79ACDB93A5DC20D4DA8500C325A45823EBAE805F,evidence/2026-08-25/MUL/terminal_output.txt,A9148E7C951CC80099FF5A868C7621924EF2ABA5B4DF618CD6DCF4EE8819B2E0,665506,676771
MUL,61,evidence/2026-08-25/MUL/iteration_views/iteration_061.txt,11265,7C7882CBD5349DB923A5614FA412ADA4A00344E66276858CAC725310A1081433,evidence/2026-08-25/MUL/terminal_output.txt,A9148E7C951CC80099FF5A868C7621924EF2ABA5B4DF618CD6DCF4EE8819B2E0,676775,688040
MUL,62,evidence/2026-08-25/MUL/iteration_views/iteration_062.txt,11265,5A8BAA7B6FCD61874B6496BFBFAABEC6F171725CCF1DD5E677BEB68F1EBA5FFC,evidence/2026-08-25/MUL/terminal_output.txt,A9148E7C951CC80099FF5A868C7621924EF2ABA5B4DF618CD6DCF4EE8819B2E0,688044,699309
MUL,63,evidence/2026-08-25/MUL/iteration_views/iteration_063.txt,11265,D30A044B4EA4171225D66732AFE15E18F8370ECF06265BE6FCA2C89BC0461DC8,evidence/2026-08-25/MUL/terminal_output.txt,A9148E7C951CC80099FF5A868C7621924EF2ABA5B4DF618CD6DCF4EE8819B2E0,699313,710578
MUL,64,evidence/2026-08-25/MUL/iteration_views/iteration_064.txt,11265,DEB1A2121FB6A7709EAABDB95BEE4EFB3FCF65CAC5D3B2322B30B3EFEC254BF9,evidence/2026-08-25/MUL/terminal_output.txt,A9148E7C951CC80099FF5A868C7621924EF2ABA5B4DF618CD6DCF4EE8819B2E0,710582,721847
MUL,65,evidence/2026-08-25/MUL/iteration_views/iteration_065.txt,11265,1639428A6C77D3E528A239B512B1705B8F5C3E5A1C87CBB28CE2BB86DEE724CE,evidence/2026-08-25/MUL/terminal_output.txt,A9148E7C951CC80099FF5A868C7621924EF2ABA5B4DF618CD6DCF4EE8819B2E0,721851,733116
MUL,66,evidence/2026-08-25/MUL/iteration_views/iteration_066.txt,11265,2DF6400C54188F9D4A3F3A89ADC3A1AFDB21007341A8CB3DE2FD747A1674BF0B,evidence/2026-08-25/MUL/terminal_output.txt,A9148E7C951CC80099FF5A868C7621924EF2ABA5B4DF618CD6DCF4EE8819B2E0,733120,744385
MUL,67,evidence/2026-08-25/MUL/iteration_views/iteration_067.txt,11265,2B43FAF65515F3B32E074A89DBD7820696799047127A61E6312B8722F97DA584,evidence/2026-08-25/MUL/terminal_output.txt,A9148E7C951CC80099FF5A868C7621924EF2ABA5B4DF618CD6DCF4EE8819B2E0,744389,755654
MUL,68,evidence/2026-08-25/MUL/iteration_views/iteration_068.txt,11265,1D382220690CD2D24826EF38B5D84C3FAB41ED38F205D351BFFA71F68B755B5D,evidence/2026-08-25/MUL/terminal_output.txt,A9148E7C951CC80099FF5A868C7621924EF2ABA5B4DF618CD6DCF4EE8819B2E0,755658,766923
MUL,69,evidence/2026-08-25/MUL/iteration_views/iteration_069.txt,11265,2B92C5B8E169F2F508188750F89750DB4F1AE478F406BE33C80BFBFC4C8CD1A5,evidence/2026-08-25/MUL/terminal_output.txt,A9148E7C951CC80099FF5A868C7621924EF2ABA5B4DF618CD6DCF4EE8819B2E0,766927,778192
MUL,70,evidence/2026-08-25/MUL/iteration_views/iteration_070.txt,11265,16E2F8A6030FEC90107AA381FD65E2F4BDCC1EB04A006A1EBBF8AEFFBD9482D0,evidence/2026-08-25/MUL/terminal_output.txt,A9148E7C951CC80099FF5A868C7621924EF2ABA5B4DF618CD6DCF4EE8819B2E0,778196,789461
MUL,71,evidence/2026-08-25/MUL/iteration_views/iteration_071.txt,11265,EAC7BE9563A6D0BB0BE0F6C8B09AABC62BC2F640FCB3A3BACFF92A9E2D4E0C6F,evidence/2026-08-25/MUL/terminal_output.txt,A9148E7C951CC80099FF5A868C7621924EF2ABA5B4DF618CD6DCF4EE8819B2E0,789465,800730
MUL,72,evidence/2026-08-25/MUL/iteration_views/iteration_072.txt,11265,7F36B7E4538D88C429B88B00A4DB9BBC16DE58D68F76E9F24A3D210342D95300,evidence/2026-08-25/MUL/terminal_output.txt,A9148E7C951CC80099FF5A868C7621924EF2ABA5B4DF618CD6DCF4EE8819B2E0,800734,811999
MUL,73,evidence/2026-08-25/MUL/iteration_views/iteration_073.txt,11265,2157E8A3F3E278CFCAA056960605BE08F178D0A6EB4E89AB19A9856780992885,evidence/2026-08-25/MUL/terminal_output.txt,A9148E7C951CC80099FF5A868C7621924EF2ABA5B4DF618CD6DCF4EE8819B2E0,812003,823268
MUL,74,evidence/2026-08-25/MUL/iteration_views/iteration_074.txt,11265,A1AFD431D9D844AAAF83428EC79B6277A37F8DE90A2286F74D08BF887F60F6AE,evidence/2026-08-25/MUL/terminal_output.txt,A9148E7C951CC80099FF5A868C7621924EF2ABA5B4DF618CD6DCF4EE8819B2E0,823272,834537
MUL,75,evidence/2026-08-25/MUL/iteration_views/iteration_075.txt,11265,FB3538DDC14424D4A65767E03EB6B1C69A2A4A18CE66C0FCB09A577FE8BD0164,evidence/2026-08-25/MUL/terminal_output.txt,A9148E7C951CC80099FF5A868C7621924EF2ABA5B4DF618CD6DCF4EE8819B2E0,834541,845806
MUL,76,evidence/2026-08-25/MUL/iteration_views/iteration_076.txt,11265,84EA4F32AD44B1093033C3DC53E1EE2EFFEFB07912454A80F21FD9A7406F87A3,evidence/2026-08-25/MUL/terminal_output.txt,A9148E7C951CC80099FF5A868C7621924EF2ABA5B4DF618CD6DCF4EE8819B2E0,845810,857075
MUL,77,evidence/2026-08-25/MUL/iteration_views/iteration_077.txt,11265,3EE59D6688C60989D88EAB98BD36616787907F924CD2767D840CDAE2FFA6564F,evidence/2026-08-25/MUL/terminal_output.txt,A9148E7C951CC80099FF5A868C7621924EF2ABA5B4DF618CD6DCF4EE8819B2E0,857079,868344
MUL,78,evidence/2026-08-25/MUL/iteration_views/iteration_078.txt,11265,C80984500442AED0BFD7D6754B24E41CD5D7D97FEB6BC666B68B7E19B75A04FA,evidence/2026-08-25/MUL/terminal_output.txt,A9148E7C951CC80099FF5A868C7621924EF2ABA5B4DF618CD6DCF4EE8819B2E0,868348,879613
MUL,79,evidence/2026-08-25/MUL/iteration_views/iteration_079.txt,11265,1AC2F991915662463B984ED94A4CC110217B211FD968A411085684C580D43ACC,evidence/2026-08-25/MUL/terminal_output.txt,A9148E7C951CC80099FF5A868C7621924EF2ABA5B4DF618CD6DCF4EE8819B2E0,879617,890882
MUL,80,evidence/2026-08-25/MUL/iteration_views/iteration_080.txt,11265,6457039F2001AB99EB7E9DAB34511118F1985064668EE15E4C99403B08F5182C,evidence/2026-08-25/MUL/terminal_output.txt,A9148E7C951CC80099FF5A868C7621924EF2ABA5B4DF618CD6DCF4EE8819B2E0,890886,902151
MUL,81,evidence/2026-08-25/MUL/iteration_views/iteration_081.txt,11265,0326E0BBC337A746A81748D8F1143FFE3CA6AE79E4A9268E4A0EA284A1FBA204,evidence/2026-08-25/MUL/terminal_output.txt,A9148E7C951CC80099FF5A868C7621924EF2ABA5B4DF618CD6DCF4EE8819B2E0,902155,913420
MUL,82,evidence/2026-08-25/MUL/iteration_views/iteration_082.txt,11265,0795C51DE37F16258381EFCC9E352B84012A3A581514645A4213E246E2946755,evidence/2026-08-25/MUL/terminal_output.txt,A9148E7C951CC80099FF5A868C7621924EF2ABA5B4DF618CD6DCF4EE8819B2E0,913424,924689
MUL,83,evidence/2026-08-25/MUL/iteration_views/iteration_083.txt,11265,B7FADAE7C7269B94CAC169FCBACA4126D17A916981C12411246097E3FFEA5C27,evidence/2026-08-25/MUL/terminal_output.txt,A9148E7C951CC80099FF5A868C7621924EF2ABA5B4DF618CD6DCF4EE8819B2E0,924693,935958
MUL,84,evidence/2026-08-25/MUL/iteration_views/iteration_084.txt,11265,47150DD3A08F7FD965D8C5631EA4F2C19168B348FEAD65BA2E066BB675515D94,evidence/2026-08-25/MUL/terminal_output.txt,A9148E7C951CC80099FF5A868C7621924EF2ABA5B4DF618CD6DCF4EE8819B2E0,935962,947227
MUL,85,evidence/2026-08-25/MUL/iteration_views/iteration_085.txt,11265,3CC7973AF3C50AA2941AB98C48A5FE6770B01DA13CD6DDC6E61E1802D9771A98,evidence/2026-08-25/MUL/terminal_output.txt,A9148E7C951CC80099FF5A868C7621924EF2ABA5B4DF618CD6DCF4EE8819B2E0,947231,958496
MUL,86,evidence/2026-08-25/MUL/iteration_views/iteration_086.txt,11265,A8838472EE75D1FDBCB2584B8F9FDCFAD94950877C5CE635CEAD8C21F8CF8D46,evidence/2026-08-25/MUL/terminal_output.txt,A9148E7C951CC80099FF5A868C7621924EF2ABA5B4DF618CD6DCF4EE8819B2E0,958500,969765
MUL,87,evidence/2026-08-25/MUL/iteration_views/iteration_087.txt,11265,AB0E22FEE1F0BB5F3BF8AAB050A45D48823730F53FF3EF2722E079309CC833B9,evidence/2026-08-25/MUL/terminal_output.txt,A9148E7C951CC80099FF5A868C7621924EF2ABA5B4DF618CD6DCF4EE8819B2E0,969769,981034
MUL,88,evidence/2026-08-25/MUL/iteration_views/iteration_088.txt,11265,DAF01870138FD2E8A7DB81ED9CB01872898ECBFBEB1048CF9451E6C62D7CB2B4,evidence/2026-08-25/MUL/terminal_output.txt,A9148E7C951CC80099FF5A868C7621924EF2ABA5B4DF618CD6DCF4EE8819B2E0,981038,992303
MUL,89,evidence/2026-08-25/MUL/iteration_views/iteration_089.txt,11265,C8A22425D0ED0D45F772F1DF819E5E28B7F85FEBC282E1425A50E26AA33C2178,evidence/2026-08-25/MUL/terminal_output.txt,A9148E7C951CC80099FF5A868C7621924EF2ABA5B4DF618CD6DCF4EE8819B2E0,992307,1003572
MUL,90,evidence/2026-08-25/MUL/iteration_views/iteration_090.txt,11265,2C53419E46DEF6A825F8A21905A9FAE98CE23E18287D19062316DCD94C188B4F,evidence/2026-08-25/MUL/terminal_output.txt,A9148E7C951CC80099FF5A868C7621924EF2ABA5B4DF618CD6DCF4EE8819B2E0,1003576,1014841
MUL,91,evidence/2026-08-25/MUL/iteration_views/iteration_091.txt,11265,1D3E5F751CEC980A186C9E33230086528F1432FA9EA703B78F79333B359D74F0,evidence/2026-08-25/MUL/terminal_output.txt,A9148E7C951CC80099FF5A868C7621924EF2ABA5B4DF618CD6DCF4EE8819B2E0,1014845,1026110
MUL,92,evidence/2026-08-25/MUL/iteration_views/iteration_092.txt,11265,B8159C0F1BF30246A49804517B441C866F46DCF6D876ADDA88CC45701B50B7A3,evidence/2026-08-25/MUL/terminal_output.txt,A9148E7C951CC80099FF5A868C7621924EF2ABA5B4DF618CD6DCF4EE8819B2E0,1026114,1037379
MUL,93,evidence/2026-08-25/MUL/iteration_views/iteration_093.txt,11265,FFBB891D163192ECC48C4B88B3C5961658B61BA219C7B73200F971D4E891513D,evidence/2026-08-25/MUL/terminal_output.txt,A9148E7C951CC80099FF5A868C7621924EF2ABA5B4DF618CD6DCF4EE8819B2E0,1037383,1048648
MUL,94,evidence/2026-08-25/MUL/iteration_views/iteration_094.txt,11265,CA41F7E626408EE4EF0022DB41819C23678934162BC4ED960A8FD6235C1E8F7A,evidence/2026-08-25/MUL/terminal_output.txt,A9148E7C951CC80099FF5A868C7621924EF2ABA5B4DF618CD6DCF4EE8819B2E0,1048652,1059917
MUL,95,evidence/2026-08-25/MUL/iteration_views/iteration_095.txt,11265,80EC7133FB3BE5AC1E1BC331196E77FCA5DF7E820732EEB28AB6A6CF893BAEE1,evidence/2026-08-25/MUL/terminal_output.txt,A9148E7C951CC80099FF5A868C7621924EF2ABA5B4DF618CD6DCF4EE8819B2E0,1059921,1071186
MUL,96,evidence/2026-08-25/MUL/iteration_views/iteration_096.txt,11265,E6396FB5D294E75CBC6FC5342BC6C1CE5F1F34BA1BFE0D36A12D8D2E985E9AB1,evidence/2026-08-25/MUL/terminal_output.txt,A9148E7C951CC80099FF5A868C7621924EF2ABA5B4DF618CD6DCF4EE8819B2E0,1071190,1082455
MUL,97,evidence/2026-08-25/MUL/iteration_views/iteration_097.txt,11265,F352994FDAC32CBBC7474E2819A5E02AA41B0FA0601DFA4E931BD90809B7941A,evidence/2026-08-25/MUL/terminal_output.txt,A9148E7C951CC80099FF5A868C7621924EF2ABA5B4DF618CD6DCF4EE8819B2E0,1082459,1093724
MUL,98,evidence/2026-08-25/MUL/iteration_views/iteration_098.txt,11265,B117A1DCD8D7576B5E682D134D0E0A7FA704E5AC1CC8D9167F5B9CD0D93FAC44,evidence/2026-08-25/MUL/terminal_output.txt,A9148E7C951CC80099FF5A868C7621924EF2ABA5B4DF618CD6DCF4EE8819B2E0,1093728,1104993
MUL,99,evidence/2026-08-25/MUL/iteration_views/iteration_099.txt,11265,104261E2EF19162724317FAA1D493F19CCB4448C11F203157726A15AF4C391BD,evidence/2026-08-25/MUL/terminal_output.txt,A9148E7C951CC80099FF5A868C7621924EF2ABA5B4DF618CD6DCF4EE8819B2E0,1104997,1116262
MUL,100,evidence/2026-08-25/MUL/iteration_views/iteration_100.txt,11266,664E468D201D00A8DFDACFA4D04B46181AFD8A70410E8A39B79F9D007B4CC75B,evidence/2026-08-25/MUL/terminal_output.txt,A9148E7C951CC80099FF5A868C7621924EF2ABA5B4DF618CD6DCF4EE8819B2E0,1116266,1127532
